date_posted,link,price,city,subregion,region,post_text,prices_need_cleaning,posts_scraped_on
2021-12-23T08:56:28-0600,https://sanantonio.craigslist.org/lss/d/boerne-teach-math-reading-science-one/7424262901.html,19,Proven Results,None,san_antonio,"Hi! I am a certified teacher with 7 years experience offering tutoring services. I have a proven track record , and I also work alongside a few other teachers! This is our passion! I help students who are falling behind and may have missing assignments or those who would like to be accelerated in learning to stay above their class! I have private , on one one lessons for only $19 per session! We can get started right away but my schedules fills quickly. Call or text me 404-905-5360I teach all subjects K-12Thanks    ",False,2021-12-24
2021-12-22T09:19:09-0600,https://sanantonio.craigslist.org/lss/d/boerne-teach-math-reading-science-one/7423879878.html,19,Proven Results,None,san_antonio,"Hi! I am a certified teacher with 7 years experience offering tutoring services. I have a proven track record , and I also work alongside a few other teachers! This is our passion! I help students who are falling behind and may have missing assignments or those who would like to be accelerated in learning to stay above their class! I have private , on one one lessons for only $19 per session! We can get started right away but my schedules fills quickly. Call or text me 404-905-5360I teach all subjects K-12Thanks    ",False,2021-12-24
2021-12-21T09:20:30-0600,https://sanantonio.craigslist.org/lss/d/boerne-am-private-tutor-very-affordable/7423474689.html,19,Affordable Private Lessons,None,san_antonio,"Hi! I am a certified teacher with 7 years experience offering tutoring services. I have a proven track record , and I also work alongside a few other teachers! This is our passion! I help students who are falling behind and may have missing assignments or those who would like to be accelerated in learning to stay above their class! I have private , on one one lessons for only $19 per session! We can get started right away but my schedules fills quickly. Call or text me 404-905-5360I teach all subjects K-12Thanks    ",False,2021-12-24
2021-12-20T10:37:26-0600,https://sanantonio.craigslist.org/lss/d/boerne-am-private-tutor-very-affordable/7423093053.html,19,Affordable Private Lessons,None,san_antonio,"Hi! I am a certified teacher with 7 years experience offering tutoring services. I have a proven track record , and I also work alongside a few other teachers! This is our passion! I help students who are falling behind and may have missing assignments or those who would like to be accelerated in learning to stay above their class! I have private , on one one lessons for only $19 per session! We can get started right away but my schedules fills quickly. Call or text me 404-905-5360I teach all subjects K-12Thanks    ",False,2021-12-24
2021-12-18T09:46:23-0600,https://sanantonio.craigslist.org/lss/d/boerne-am-private-tutor-very-affordable/7422318785.html,19,Affordable Private Lessons,None,san_antonio,"Hi! I am a certified teacher with 7 years experience offering tutoring services. I have a proven track record , and I also work alongside a few other teachers! This is our passion! I help students who are falling behind and may have missing assignments or those who would like to be accelerated in learning to stay above their class! I have private , on one one lessons for only $19 per session! We can get started right away but my schedules fills quickly. Call or text me 404-905-5360I teach all subjects K-12Thanks    ",False,2021-12-24
2021-12-17T15:10:47-0600,https://sanantonio.craigslist.org/lss/d/boerne-am-private-tutor-very-affordable/7422072791.html,19,Affordable Private Lessons,None,san_antonio,"Hi! I am a certified teacher with 7 years experience offering tutoring services. I have a proven track record , and I also work alongside a few other teachers! This is our passion! I help students who are falling behind and may have missing assignments or those who would like to be accelerated in learning to stay above their class! I have private , on one one lessons for only $19 per session! We can get started right away but my schedules fills quickly. Call or text me 404-905-5360I teach all subjects K-12Thanks    ",False,2021-12-24
2021-12-16T09:44:08-0600,https://sanantonio.craigslist.org/lss/d/boerne-am-private-tutor-very-affordable/7421481765.html,19,Affordable Private Lessons,None,san_antonio,"Hi! I am a certified teacher with 7 years experience offering tutoring services. I have a proven track record , and I also work alongside a few other teachers! This is our passion! I help students who are falling behind and may have missing assignments or those who would like to be accelerated in learning to stay above their class! I have private , on one one lessons for only $19 per session! We can get started right away but my schedules fills quickly. Call or text me 404-905-5360I teach all subjects K-12Thanks    ",False,2021-12-24
2021-12-15T08:47:41-0600,https://sanantonio.craigslist.org/lss/d/boerne-am-private-tutor-very-affordable/7421037717.html,19,Affordable Private Lessons,None,san_antonio,"Hi! I am a certified teacher with 7 years experience offering tutoring services. I have a proven track record , and I also work alongside a few other teachers! This is our passion! I help students who are falling behind and may have missing assignments or those who would like to be accelerated in learning to stay above their class! I have private , on one one lessons for only $19 per session! We can get started right away but my schedules fills quickly. Call or text me 404-905-5360I teach all subjects K-12Thanks    ",False,2021-12-24
2021-12-14T14:54:41-0600,https://sanantonio.craigslist.org/lss/d/san-antonio-math-chem-sat-act-tutor-30/7420795584.html,"[30, 35, 45]",None,None,san_antonio,"Feel free to text me at 909-640-3570Hi, I was accepted into the Ivy Leagues and tutor math, chemistry, and SAT/ACT. Iâ€™ve been a tutor for over 8 years working with students of all ages. I help with homework, quizzes and tests. For ACT/SAT I scored in the top 1%, use official practice tests and teach high-level tricks. I tutor through videocall, so you can work with me from the comfort of your home ğŸ .+ Math ($30)+ Chem ($35)+ SAT/ACT ($45)+ Online Tutoring (Zoom/Skype/Facetime)Give me a call or text me at 909-640-3570. My schedule is flexible and we can get started ASAP.    ",True,2021-12-24
2021-12-14T08:24:26-0600,https://sanantonio.craigslist.org/lss/d/boerne-am-private-tutor-very-affordable/7420592515.html,19,Affordable Private Lessons,None,san_antonio,"Hi! I am a certified teacher with 7 years experience offering tutoring services. I have a proven track record , and I also work alongside a few other teachers! This is our passion! I help students who are falling behind and may have missing assignments or those who would like to be accelerated in learning to stay above their class! I have private , on one one lessons for only $19 per session! We can get started right away but my schedules fills quickly. Call or text me 404-905-5360I teach all subjects K-12Thanks    ",False,2021-12-24
2021-12-13T10:29:48-0600,https://sanantonio.craigslist.org/lss/d/boerne-am-private-tutor-very-affordable/7420207708.html,19,Affordable Private Lessons,None,san_antonio,"Hi! I am a certified teacher with 7 years experience offering tutoring services. I have a proven track record , and I also work alongside a few other teachers! This is our passion! I help students who are falling behind and may have missing assignments or those who would like to be accelerated in learning to stay above their class! I have private , on one one lessons for only $19 per session! We can get started right away but my schedules fills quickly. Call or text me 404-905-5360I teach all subjects K-12Thanks    ",False,2021-12-24
2021-12-11T14:43:08-0600,https://sanantonio.craigslist.org/lss/d/boerne-am-private-tutor-very-affordable/7419554418.html,19,Affordable Private Lessons,None,san_antonio,"Hi! I am a certified teacher with 7 years experience offering tutoring services. I have a proven track record , and I also work alongside a few other teachers! This is our passion! I help students who are falling behind and may have missing assignments or those who would like to be accelerated in learning to stay above their class! I have private , on one one lessons for only $19 per session! We can get started right away but my schedules fills quickly. Call or text me 404-905-5360I teach all subjects K-12Thanks    ",False,2021-12-24
2021-12-10T07:55:33-0600,https://sanantonio.craigslist.org/lss/d/boerne-am-private-tutor-very-affordable/7418910831.html,19,Affordable Private Lessons,None,san_antonio,"Hi! I am a certified teacher with 7 years experience offering tutoring services. I have a proven track record , and I also work alongside a few other teachers! This is our passion! I help students who are falling behind and may have missing assignments or those who would like to be accelerated in learning to stay above their class! I have private , on one one lessons for only $19 per session! We can get started right away but my schedules fills quickly. Call or text me 404-905-5360I teach all subjects K-12Thanks    ",False,2021-12-24
2021-12-09T09:10:38-0600,https://sanantonio.craigslist.org/lss/d/boerne-am-private-tutor-very-affordable/7418499261.html,19,Affordable Private Lessons,None,san_antonio,"Hi! I am a certified teacher with 7 years experience offering tutoring services. I have a proven track record , and I also work alongside a few other teachers! This is our passion! I help students who are falling behind and may have missing assignments or those who would like to be accelerated in learning to stay above their class! I have private , on one one lessons for only $19 per session! We can get started right away but my schedules fills quickly. Call or text me 404-905-5360I teach all subjects K-12Thanks    ",False,2021-12-24
2021-12-08T10:03:57-0600,https://sanantonio.craigslist.org/lss/d/boerne-am-private-tutor-very-affordable/7418081668.html,19,Affordable Private Lessons,None,san_antonio,"Hi! I am a certified teacher with 7 years experience offering tutoring services. I have a proven track record , and I also work alongside a few other teachers! This is our passion! I help students who are falling behind and may have missing assignments or those who would like to be accelerated in learning to stay above their class! I have private , on one one lessons for only $19 per session! We can get started right away but my schedules fills quickly. Call or text me 404-905-5360I teach all subjects K-12Thanks    ",False,2021-12-24
2021-12-07T09:59:51-0600,https://sanantonio.craigslist.org/lss/d/boerne-am-private-tutor-very-affordable/7417625348.html,19,Affordable Private Lessons,None,san_antonio,"Hi! I am a certified teacher with 7 years experience offering tutoring services. I have a proven track record , and I also work alongside a few other teachers! This is our passion! I help students who are falling behind and may have missing assignments or those who would like to be accelerated in learning to stay above their class! I have private , on one one lessons for only $19 per session! We can get started right away but my schedules fills quickly. Call or text me 404-905-5360I teach all subjects K-12Thanks    ",False,2021-12-24
2021-12-06T15:31:29-0600,https://sanantonio.craigslist.org/lss/d/san-antonio-math-tutor-per-session/7417353192.html,22.5,San Antonio,None,san_antonio,"As a former student, I always looked for good tutoring that could fit my budget. Now is my turn to give back.My goal is to help students with algebra at a price that is affordable.I tutor in Algebra, ASVAB math prep, Precalculus and College Algebra to students of all grades and ages.I offer homework help in Business Calculus and Calculus 1 *Online classes are a joke! If you are having a difficult time understanding how to learn/pass these math courses online, give me a call or text today.* $20-$25 per 50 minutes (Zoom sessions)* Monthly plans available. * Very flexible schedule. * Credentials available upon request.* I offer in person tutoring at a specific location during specific times only. Students under the age of 18 must be accompanied by a parent or legal guardian.* Call or text Anthony at +12106891544 for more information* Se habla EspaÃ±ol * Donâ€™t let Math be the reason you miss out on great opportunities in your life. Letâ€™s get to the next step!A couple of success stories from my tutoring:â€œMy son feels better about math since Anthony is tutoring him.â€ - Laura A.â€œAnthony has great patience in explaining material to my daughter.â€ - Beverly S.â€œI am so thankful for Anthonyâ€™s tutoring services. I was failing College Algebra and ended passing with an A. He was very patient with me and motivated me.â€ - Delma M. â€œAnthony helped me with my Business Calculus homework. He did an outstanding job of breaking it down for me and made something as boring as Calculus fun to do.â€ -Roberto C.â€œAnthony is a great tutor and a great guy. I would suggest him for any Math subject.â€- Steve B. ""My daughter said you are the best tutor she has had.""- Brandi",False,2021-12-24
2021-12-06T09:18:27-0600,https://sanantonio.craigslist.org/lss/d/boerne-am-private-tutor-very-affordable/7417136985.html,19,Affordable Private Lessons,None,san_antonio,"Hi! I am a certified teacher with 7 years experience offering tutoring services. I have a proven track record , and I also work alongside a few other teachers! This is our passion! I help students who are falling behind and may have missing assignments or those who would like to be accelerated in learning to stay above their class! I have private , on one one lessons for only $19 per session! We can get started right away but my schedules fills quickly. Call or text me 404-905-5360I teach all subjects K-12Thanks    ",False,2021-12-24
2021-12-03T09:54:21-0600,https://sanantonio.craigslist.org/lss/d/san-antonio-math-chem-sat-act-tutor-30/7415884850.html,"[30, 35, 45]",None,None,san_antonio,"Feel free to text me at 909-640-3570Hi, I was accepted into the Ivy Leagues and tutor math, chemistry, and SAT/ACT. Iâ€™ve been a tutor for over 8 years working with students of all ages. I help with homework, quizzes and tests. For ACT/SAT I scored in the top 1%, use official practice tests and teach high-level tricks. I tutor through videocall, so you can work with me from the comfort of your home ğŸ .+ Math ($30)+ Chem ($35)+ SAT/ACT ($45)+ Online Tutoring (Zoom/Skype/Facetime)Give me a call or text me at 909-640-3570. My schedule is flexible and we can get started ASAP.    ",True,2021-12-24
2021-12-03T07:53:12-0600,https://sanantonio.craigslist.org/lss/d/boerne-am-private-tutor-very-affordable/7415836044.html,19,Affordable Private Lessons,None,san_antonio,"Hi! I am a certified teacher with 7 years experience offering tutoring services. I have a proven track record , and I also work alongside a few other teachers! This is our passion! I help students who are falling behind and may have missing assignments or those who would like to be accelerated in learning to stay above their class! I have private , on one one lessons for only $19 per session! We can get started right away but my schedules fills quickly. Call or text me 404-905-5360I teach all subjects K-12Thanks    ",False,2021-12-24
2021-12-02T10:09:38-0600,https://sanantonio.craigslist.org/lss/d/boerne-am-private-tutor-very-affordable/7415450353.html,19,Affordable Private Lessons,None,san_antonio,"Hi! I am a certified teacher with 7 years experience offering tutoring services. I have a proven track record , and I also work alongside a few other teachers! This is our passion! I help students who are falling behind and may have missing assignments or those who would like to be accelerated in learning to stay above their class! I have private , on one one lessons for only $19 per session! We can get started right away but my schedules fills quickly. Call or text me 404-905-5360I teach all subjects K-12Thanks    ",False,2021-12-24
2021-12-01T07:10:48-0600,https://sanantonio.craigslist.org/lss/d/boerne-am-private-tutor-very-affordable/7414924523.html,19,Affordable Private Lessons,None,san_antonio,"Hi! I am a certified teacher with 7 years experience offering tutoring services. I have a proven track record , and I also work alongside a few other teachers! This is our passion! I help students who are falling behind and may have missing assignments or those who would like to be accelerated in learning to stay above their class! I have private , on one one lessons for only $19 per session! We can get started right away but my schedules fills quickly. Call or text me 404-905-5360I teach all subjects K-12Thanks    ",False,2021-12-24
2021-11-30T08:59:24-0600,https://sanantonio.craigslist.org/lss/d/boerne-am-private-tutor-very-affordable/7414503633.html,19,Affordable Private Lessons,None,san_antonio,"Hi! I am a certified teacher with 7 years experience offering tutoring services. I have a proven track record , and I also work alongside a few other teachers! This is our passion! I help students who are falling behind and may have missing assignments or those who would like to be accelerated in learning to stay above their class! I have private , on one one lessons for only $19 per session! We can get started right away but my schedules fills quickly. Call or text me 404-905-5360I teach all subjects K-12Thanks    ",False,2021-12-24
2021-12-20T11:22:00-0600,https://sanantonio.craigslist.org/lss/d/beachwood-math-science-act-sat-lsat/7423117755.html,None,San Antonio,None,san_antonio,"I am a Case Western Reserve University and University of Maryland graduate. Already, I have a JD and MBA from Case, and I graduated with a BSc in Biological Sciences and BSc in Psychology, plus an Honors degree, from the University of Maryland. I am available to tutor elementary through college/graduate level students in Sciences, Math, Statistics and English and in preparation for Math, Science, Economics, Business, PSAT, ACT, SAT, PCAT, GRE, GMAT, LSAT, MCAT, ASVAB, STEM disciplines, & Graduate School coursework! Also, I tutor online classes for graduate and undergraduate schools. I have had experience teaching in one-on-one situations and in the classroom. My rates are based on my expertise and hours are flexible. My cell # is 443 739 4141    ",False,2021-12-24
2021-11-29T10:17:26-0600,https://sanantonio.craigslist.org/lss/d/boerne-am-private-tutor-very-affordable/7414069118.html,19,Affordable Private Lessons,None,san_antonio,"Hi! I am a certified teacher with 7 years experience offering tutoring services. I have a proven track record , and I also work alongside a few other teachers! This is our passion! I help students who are falling behind and may have missing assignments or those who would like to be accelerated in learning to stay above their class! I have private , on one one lessons for only $19 per session! We can get started right away but my schedules fills quickly. Call or text me 404-905-5360I teach all subjects K-12Thanks    ",False,2021-12-24
2021-12-18T13:11:00-0600,https://sanantonio.craigslist.org/lss/d/san-antonio-gmat-gre-training-sat-act/7422426685.html,None,"San Antonio, Anywhere",None,san_antonio,"GMAT/GREI'm a full-time GMAT/GRE instructor/tutorÂ withÂ 99th%Â GMAT and GRE scores, anÂ extensive background in teaching, and aÂ track-record of success.Â  Â As an accomplished and dedicated educator withÂ 15 years of experience, I take immense satisfaction in helping my students excel!Â Â Iâ€™m passionate about helping students at all skill-levels realize their full potential.Â There is no experience more rewarding than coaching a student from a place of anxiety and frustration, toÂ confidence and mastery.Â  Watching my students go on toÂ conquer the GMAT/GREÂ and gain admission to their dream schools is the reason I've dedicatedÂ myself to teaching.Â SAT/ACTI've designed curricula and taught SAT and ACT prep classes (intensive summer boot-camps, weekly classes) to small and large groups. Over the past 15 years, I have tutored many students one-on-one to ace the SAT and ACT. My tutoring approach is systematic and results-oriented, and I've helped students master all sections of the SAT andÂ ACT.Â Â Math/PhysicsI'm a former high school math (Algebra, Geometry, Pre-Calculus, Calculus) and physics teacher, and college statistics instructor.Â  MyÂ interest in teaching was initially sparked in college after I saw first-hand how many studentsÂ dropoutÂ of physics and math classes confused and discouraged from further study.Â  I decided to make it my mission to translate these subjects into a language that people can understand (and even enjoy!).Â I tutor math and physics through the college-level.Â Â Â (See the very bottom of this ad ""ABOUT ME"" to learn more about my background)Â  Â â–ºGMATI specialize in all things GMAT, and have made it my mission to help students navigate and excel at this logical, nuanced, quirky test. I scored a 760 (99th%) on the exam.My Experience Includes:- Designing a comprehensive GMAT curriculum and teaching GMAT prepÂ Â Â classes at an international school - Teaching the Manhattan Prep and Veritas Prep curriculaÂ - Editing Official Guide questions for GMAC (the makers of the exam) andÂ Â Â Â WileyÂ PublishingÂ - Writing GMAT Quantitative questions and explanations for a major test-prepÂ Â Â companyÂ - And finally: coaching hundreds of students on all sections of the GMAT one-on-Â Â one.Â Scores My Past Students Have Achieved:780, 770, 740, 710, 760, 690, 720, 760, 680, 720, 730, 760, 700, 710, 730, 740, 760My students have been admitted to top schools such as Harvard Business School, Wharton, The University of Chicago Booth School of Business, Kellogg and Columbia.Â â–ºGREWe all know the importance of theÂ GREÂ for admission to graduate school, and I've devoted myself to breaking down theÂ GREÂ barrier for graduate applicants.Â I've designed a GRE curriculum and taught intensive (20-hr per week)Â GREÂ classes at an international school to students of all levels from around the world. I've also tutored hundreds of students on all sections of the GRE.Â  My students have gained admission to a wide range of programs: MBA, Policy, Economics, Applied Math, Social Work, Clinical Psychology etc.***CONTACT ME***Please write to me through the craigslist system as well as: yourgmattrainer (at geemale)(I've misspelled the word as the craigslist filter doesn't allow me to post the full name). The craigslist system is not always reliable, so by writing through 2 systems, I'm most likely to receive your inquiry. â–ºÂ My Tutoring ApproachÂ â–ºMy tutoring approach is systematic, organized, and thorough.Â  I can help you devise a step-by-step plan to reach your target score.I offer:Â -	A Customized-Curriculum:Â Â Â I select a curriculum for you (from trustedÂ namesÂ suchÂ as Manhattan and Veritas) Â Â based onÂ your skill-level and other factors, and tailor and adapt it to fit yourÂ Â Â needs each step of the wayÂ Â Â Note: If you've already been studying for a while and don't need a fullÂ Â Â curriculum, I can provide you with resources to tune-up skills in particular areasÂ Â Â of weakness-	Targeted Homework AssignmentsÂ Â with tons of practice problems to sharpen your skills- Structure and Accountability:Â Â WeÂ will put together a systematic Plan-of-Action so you can rest assured thatÂ Â Â you're optimizing your study time, and working towards your target score in theÂ Â Â most efficient way possible - Full Access to a LibraryÂ Â Â of the best prep books available (no additional charge)-	Guidance and AdviceÂ Â Â from top-to-bottom on solving real GMAT/GRE questions - I help you optimizeÂ Â Â content knowledge, strategy, reasoning, and timing-Â Performance AnalyticsÂ Â Â so you can measure your improvement over time as you work with me- Practice Test Analysis:Â Â I will do a deep-dive into your practice tests to help you understand why you'reÂ Â Â scoring as you areâ–ºÂ GMAT Student EndorsementsÂ â–ºP did an excellent job working with me to refine my quant strategy on the GMAT and her efforts, advice and suggestions yielded tangible improvements to my score, which improved from Q41 (43%) to Q49 (78%) from just over 2-3 weeks of prep - I enjoyed the learning process and would highly recommend making the investment and going with P. Totally worth it asÂ she's fantastic.Sid660 (77th%) to 760 (99th%)! I decided to work with P on my GMAT Quant score, which started out low at 39 (39th%). She did a great job targeting things I didn't even know I was weak in, sharing resources with lots of good questions and lessons, and giving me the confidence I needed to feel like I could get a good score (that was most important of all). After 3 sessions, I brought my Quant score up to a 49 (77th%), andÂ my overall score up from 660 to 760! I would HIGHLY recommend PÂ if you're looking for a great tutor!Â Â GabrielaI got a 610. Honestly, I cannot believe you helpedÂ raise my score by 60 points (550 to 610) in just two and a half weeks!Â I can only imagine if I worked with you longer, how well I could have done.Â With your help I was accepted into B-school on scholarship!AmaraÂ Â Hi P - I wanted to thank you for your tutoring sessions a few months ago.Â  You got me thinking in the right direction about GMAT verbal.Â  I took the test today and scored aÂ 770 (Q:50, V46)!Â Thanks so much!JonathanI want to say thank you (again) for your help - I mean it when I sayÂ I literally could not have done this without you!Â Thank you for sticking withÂ me, and for encouraging me through even the really, really bad sessions. I am very, very grateful!Â Â I applied R1 to Columbia, USC, and UCLA, and was lucky to be accepted to all three! I receivedÂ full-tuition scholarships toÂ USC and UCLA!!!ElainaI got aÂ 760 on the GMAT!Â 49 on quant, 47 verbal, 8 IR. Thanks SO much for your help P!Â EvanÂ P is one of theÂ best GMAT tutors I have come across. I was struggling with my preparation for GMAT before I met her. P is anÂ amazing teacher: she is not only extremely personable but also great at keeping the content fun and interesting. She does a great job at teaching the tricks of the trade, a lot of which there isn't time for in the online course. If you're looking to beat the GMAT, look no further than P!VaibhavThe results are in!I got a 710!!!!!!!!!!!!!!!!!!!!!!!!38 Verbal49 QuantSo freaking glad that I made it this high.You're theÂ best tutor ever!Â Thank you so much for the help and recommendations and everything!LiamI got aÂ 740!Â Thanks for all your help!HarvinAfter only ~2 weeks of work with P, I was able to make a 20 point increase in my official score, with even greater increases in my practice test scores.Â  P's greatest strength is her ability to understand the student's work process and point out flaws with it, rather than relying on a canned problem explanation. This is a huge differentiating factor between P and other tutors I've worked with - she was able to help me see where I was going wrong with a particular problem which helped me to modify my thinking across problem types, rather than relying on memorized formulas or explanations.Â P was an amazing tutor.Â I was only able to work with her for a few weeks before I had to take my exam, but with more time working with her I would be able to increase my score even more. I've alreadyÂ recommended P to a few friends who are preparing for the GMATÂ and will continue to recommend her to anyone who starts prep.Â  During the short time I worked with P, she not only helped to tutor me, but also helped to mentor me through the GMAT process. Although I only hired her as a tutor, she was able to hone in on my anxiety over the Quant section problems and give me the confidence in my own skills that I needed to succeed on the test. I think this is aÂ very rare quality to find in a tutor, and her help was invaluable in increasing my score.Â C.TWhen I took myÂ initial GMAT diagnostic, I scored a 570. I tried studying diligently on my own for a while and saw some improvement, but after I'd achieved all the ""quick fixes,"" I found myself hovering around the mid 600's and plateauing. When I started working with P, my scores took off - she helped me structure a tailored plan that suited my study needs and ensured that I stayed on track.Â After two months of working with P, I took the test and hit a personal best of 730!Â If I had to do the whole thing over, I'd do myself a favor and start working with P at the beginning.Lexie -Â  full scholarship to Babson MBA programHi P: I amÂ truly gratefulÂ to you and your teaching.Â In 3 weeks under your guidance, I went from a 540 to a 670! My gmat split was (GMAT 670 - Q 49, V 32). I never even expected over 25 in Verbal.Â  THANK YOU for all your efforts!AnshumanWithin ~5 weeks I went from 620 to 710 with P's help. P is very flexible and, unlike other tutors that require problems well in advance of the session, she can still help you even if you put her on the spot with a sudden problem. I had been searching for a tutor prior to finding P. I had several sessions with another tutor, and their method wasn't anywhere near as clear or helpful as P's.Â P has been an incredibly helpful teacher. I highly recommended her.Â Â L.NP is the perfect example of the benefits of one-on-one tutoring. She identified my personal strengths and weaknesses with diagnostic tests and came up with aÂ targeted improvement strategyÂ right away. We set benchmarks and reachable goals, and she pushed me to correct old poor test taking habits and develop strong new ones.Â 590 to 680 GMAT in ~4 months.Neil - admitted to Harvard Business SchoolHey P - I got aÂ 710 today! 44 on quant, 42 verbal. Thanks again for all your help!! Without your tutoring I definitely could not have upped my score this much.Â Candace - admitted to U of Chicago Booth Business SchoolI've been practicing today, and I just wanted to let you know, after going over combinatorics in our last session, suddenlyÂ I'm actually able to tackle these questions!!Â Very pleased.Â BurhanI came to P for Verbal tutoring.Â  I was at V 28 (52%) originally and P helped me get V 39 (89%) on the actual exam (my overall score went fromÂ 650 to 720!).Â  P was extremely helpful and attentive and made sure our tutoring sessions were interactive.Â  I felt well-prepared with the homework assignments and feedback following the practice questions.Â Â P helped me identify my weaknesses in Critical Reasoning, and helped me improve through practice with real exam questions.Â The process was a massive help for me!Â Â If you're looking for a tutor who will provide you with all the materials and guidance for preparing for the GMAT verbal, I recommend P.Â Â RukhaamHi P - just wanted to let you know I scored aÂ 720 on the GMATÂ the other day. Wouldn't have been able to do it without your help so really appreciate the time and the effort!Â BenÂ P is an excellent tutor. She has a lot of experience working with students and is able toÂ quickly diagnose areas of weaknessÂ and assign work for you to improve quickly. Helped me so much with my GMAT - Thanks!Â Jake â–ºÂ GRE Student EndorsementsÂ â–ºP is an excellent GRE teacher!!Â I took Kaplan's GRE course and it did not help me.Â After many attempts to find a good GRE math teacher I found P. She is an awesome tutor, and I strongly recommend her. She is really patient! My GRE quantitative score was 151 (44% percentile), but after three months with P as a tutor I got 160!! (78th percentile). If you need a really good score on the GRE she is your best option.""Â America - Admitted to Georgetown Policy Program I had aÂ wonderful experience with P - she was amazing!Â She came prepared with a customized plan that addressed my need to prepare for the exam in three weeks. While I don't recommend giving yourself only three weeks to prepare, I was very fortunate that P was able to help me in such a short time period.Â After 3 weeks, my Quant score went from 149 (34th%) to 155 (59th%)!Â Â The bump in points put me right where I needed to be. I just want to add that I did get into my top pick for grad school and I felt more confident going into the interviews with solid GRE scores that were more in line with the rest of my academic achievements. Thank you again P!Â  Fre'Etta - Admitted to MD Anderson Medical Physics Program Â Â Â I took the GRE a couple of hours ago andÂ got aÂ 168Q (95th%)/164V (94th%)!Â IÂ can't thank you enoughÂ for helping me get to this point- I wouldn't have learned the nuances of the test or the most efficient solving methods without your help.Â  Ram - Economics Ph.D Applicant P and I spent only a handful of hours together, but in those few hours, the resources and strategies she provided certainlyÂ made a positive impactÂ on my performance, as evidenced by the large jump in my Quant score!Â  Hearing that a subject matter expert like her believed in the skills I had was a major confidence boost.Â Â In just under 2 weeks of prep time, I raised my score from Q157 (62nd%) to Q165 (85th%)â€¦thank you P!Â  Niki - MBAÂ Applicant I am so happy with the improvements I saw during our time working together!Â  My Quant score on a practice test before I started working with you was in the low 40's percentile-wise.Â Â After 2 months of tutoring, I scored 159 (73rd%) on Quant and 164 (94th%) on Verbal!Â  I know that I would have never been able to get my scores without your help, and I sincerely appreciate it! Julia - Admitted to UChicago Policy Program  I just took the GRE on Monday, and very fortunately got the score I wanted (Quant 162 (82nd%)/Verbal 162 (90th%)).Â  You have been great, and IÂ highly recommend you!Becca - Business School Applicant Â Â Thank you so much for all your help!Â Â I received aÂ 158 (70th%) on Quant (up from 154 (55th%)).Â  I'm pretty excited about my scores and would be happy to recommend you to whomever!Â Â Garrett - Admitted to Columbia Business School Â Â Hi P: I wanted to let you know that I scored 153 (51st%) on Quant (up from 149 (34th%)) and 153 (60th%) on Verbal (up from 147 (34th%))!!Â  I am definitely happy with my scores,Â thank you so much for helping me raise them by 4 and 6 points in just a few weeks!Avery - Information Technology Applicant IÂ upped my quant score to a 162 (82nd%) from a 156 (63rd%), and I'm very pleased!!Â  Thank you again for everything, couldn't have done itÂ without you!Â Cat - Business School Applicant ***CONTACT ME***Please write to me through the craigslist system as well as: yourgmattrainer (at geemale)(I've misspelled the word as the craigslist filter doesn't allow me to post the full name). The craigslist system is not always reliable, so by writing through 2 systems, I'm most likely to receive your inquiry.Â  Â Â ABOUT MEI earned a B.S. in Chemical Physics from the Rice University Honors Scholar program, and won many prestigious, national and international scholarships in high school, including the Intel Science Talent Search, Intel Science and Engineering Fair, and Junior Science and Humanities Symposium ($20,000 scholarship + paid trip to London). In college, I won a research award for my work in nanotechnology, and earned a grant to write about science for high school students.Â I discovered my passion for teaching and tutoring in college.Â  Since then, I've taught GMAT/GRE/SAT/ACT prep courses, college statistics, and high school physics and math (all levels through calculus) in a classroom setting.Â  Â I've tutored test-prep, physics, math and chemistry through the college-level. In 2014, I transitioned into GMAT and GRE instruction full-time, and custom-wrote GMAT/GRE curricula and taught prep classes at an international school.Â  In 2016, GMAC and Wiley Publishing hired me to review the QuantitativeÂ  questions in the Official Guide for GMAT Quantitative Review 2017.Â  Currently, I tutor GMAT/GRE full-time.***CONTACT ME***Please write to me through the craigslist system as well as: yourgmattrainer (at geemale)(I've misspelled the word as the craigslist filter doesn't allow me to post the full name). The craigslist system is not always reliable, so by writing through 2 systems, I'm most likely to receive your inquiry.Â  Â  ",False,2021-12-24
2021-12-17T10:52:21-0600,https://sanantonio.craigslist.org/lss/d/san-antonio-sat-act-coaching-math/7421938824.html,None,"San Antonio, Anywhere",None,san_antonio,"Iâ€™m a full-time test-prep coach, tutor and teacher with 99th% standardized test scores (2280 out of 2400 on the SAT, 168 Quantitative/168 Verbal on the GRE), and over 10 years of teaching experience.  Iâ€™m passionate about helping students at all skill-levels realize their full potential.  There is no experience more rewarding than guiding a student from a place of anxiety and frustration, to confidence and mastery.  Helping students develop competence in their challenging math/physics classes, or coaching them to conquer the SAT/ACT and ultimately gain admission to their dream schools is the reason Iâ€™ve devoted myself to teaching.   (See the very bottom of this ad ""ABOUT ME"" to learn more about my background)   â–ºSAT-ACTMy tutoring approach is systematic and results-oriented, and Iâ€™ve helped students master all sections of the SAT and ACT.  Several students Iâ€™ve coached have received perfect or near-perfect scores on the SAT/ACT.  On average, students who work with me improve their SAT scores by 150 points, and ACT scores by 3 points.My Teaching Experience Includes:-	Designing custom curricula and teaching summer SAT ""boot camps"" -	Teaching key test-taking skills to small groups, classes, and individuals Â  Â  preparing for standardized exams -	Helping at-risk students with extenuating circumstances prepare for the Â  Â SAT/ACT, and exit exams -	Using analytic tools to identify strengths and problem areas to create learning Â  Â plans for students at every level -	Tutoring high-performing students aiming to earn a perfect score on the Â  Â SAT/ACT My Appoach: I provide a customized learning plan, skills-insights, and regular progress check-ins for all students. Every student preparing for the SAT, ACT, or other standardized exam should be familiar with the Four Pillars of Successful Learning.  The Four Pillars are fundamental building blocks of a successful study plan, and are applicable to any skill that you want to develop to a higher level.  By practicing the Four Pillars of Successful Learning, you will work on the fundamental skills and knowledge required to earn a great score, and succeed in a higher learning setting. The Four Pillars:1.	Make a study plan and set a specific, measurable goal. Create a reasonable, Â  Â  Â measurable, and time-bound goal. Then make detailed plans to attain that goal. 2.	Obtain and practice with high-quality study materials. Acquire a physical Â  Â  Â copy of the official study guide, or acquire a login for the official online Â  Â  Â practice materials. 3.	Develop a sufficient set of optimal study habits and methods. Find unique Â  Â  Â study methods that will work for you. 4.	Sustain directed effort over a long period of time.  Make learning a long-term Â  Â  Â habit, and study for at least 12 hours Â  (outside of any other coursework or prep Â  Â  Â classes). â–º Math and Physics TutoringMany of the students I have worked with over the years have missed a key concept or two at the foundational level in math or science, and have then started to fall further and further behind in their classes as a result.  They consult me when they reach Pre-Calculus or Calculus, and feel totally lost and overwhelmed.  Almost always, I can trace their issues to missing concepts in foundational or secondary skillsFor this reason, I spend time during each tutoring session systematically covering topics from previous courses that the student, for one reason or another, has failed to master. I help to foster a truly robust understanding of the subject matter that transcends the particular curriculum. The amazing thing is that this works â€“ this approach really helps students achieve their learning goals!Contact me to see how this radically different approach can change your relationship to math and science, and turn you into the genius you always knew you could be.Subjects I Tutor: Physics: AP and On-LevelPre-AlgebraAlgebra I & IIGeometryAccounting and FinanceTrigonometry and PreCalculusStatistics: AP and On-LevelCalculus: AP and On-Level, College Calculus I, II, and III***CONTACT ME***Please write to me through the craigslist system as well as: testprep.math.physics.tutor (at geemale)(I've misspelled the word as the craigslist filter doesn't allow me to post the full name). The craigslist system is not always reliable, so by writing through 2 systems, I'm most likely to receive your inquiry.  Student EndorsementsMy son was failing a college business statistics class and was getting ready to drop it. Daniel was highly recommended to us and we quickly learned why. Not only is he extremely smart with an awesome talent of being able to help others, he is friendly, conscientious, and very dependable. At first I was a little skeptical about tutoring via Skype, but after just one session and talking to my son on the phone and hearing his relief and renewed confidence â€“ I was definitely a believer! So whether in person or through Skype, Daniel is an amazing tutor and you can absolutely count on him to make a huge difference in your studentâ€™s success. - PattyOur daughter wanted to pursue a degree within the pre medical realm. Coming from an extremely competitive high school her class rank was not high enough make that happen and her PSAT score was fair. After evaluating several programs and  meeting with tutors, we felt that Daniel was the best choice. He got to know our daughter, assessed her strengths, and created a personalized program to help work on maximizing her testing strengths. This is key because not all kids learn or test the same and most programs teach to the mass not at an individual level. After two months just 1 session per week her score came up 350 points on the SAT and 4 points on the ACT. Securing not only admission but scholarship money. She is now currently a neuroscience (pre med) major going into her sophomore year at CU Boulder. - Pam M.I just finished my sophomore year at Baylor, and Daniel has helped me tremendously this past year in Calculus and Physics. Since I was living in Waco, he would hold our weekly tutoring sessions over Skype and would pull up a white board and go through homework problems with me or anything I was having trouble on. Something I think that helped me the most was that Daniel would try to relate whatever material I was learning back to the real world by explaining it to me or sending me a link to a YouTube video, which I really appreciated. I definitely recommend Daniel as a tutor if you want to excel in your classes! - CarolineDaniel has been an outstanding Math and Physics tutor for my son. He was especially helpful with Algebra 2 and is always available to answer a quick question â€“ even outside of normal tutoring sessions. His end of semester group sessions have also been effective in getting the kids ready for finals. In addition, he is extremely flexible in scheduling the individual tutoring sessions â€“ working with our schedule by alternating face-to-face and Skype sessions as needed. His patience and guidance helped restore my sonâ€™s confidence during a rough time. - Randy About MeI have been a tutor and teacher for students of every skill-level for over ten years. I have worked with students of all ages: kindergarten through older adults. I really loves math, physics, and programming, and have devoted many hours of my own time to the continued study of Number Theory, Computer Science, and Pure Mathematics. I ranked nationally and won a cash prize in a Math Competition hosted by The American Mathematics Association for Two Year Colleges in 2016.I am also passionate about psychology, coaching, training and personal development, and make a habit out of continuing to learn and understand more about the mind and human personality.  I teach mindfulness meditation and can provide techniques for dealing with the stress of test anxiety, and adopting the right mindset to excel on your upcoming exam. ***CONTACT ME***Please write to me through the craigslist system as well as: testprep.math.physics.tutor (at geemale)(I've misspelled the word as the craigslist filter doesn't allow me to post the full name). The craigslist system is not always reliable, so by writing through 2 systems, I'm most likely to receive your inquiry.  ",False,2021-12-24
2021-12-16T12:32:53-0600,https://sanantonio.craigslist.org/lss/d/beachwood-math-science-act-sat-lsat/7421571848.html,None,San Antonio,None,san_antonio,"I am a Case Western Reserve University and University of Maryland graduate. Already, I have a JD and MBA from Case, and I graduated with a BSc in Biological Sciences and BSc in Psychology, plus an Honors degree, from the University of Maryland. I am available to tutor elementary through college/graduate level students in Sciences, Math, Statistics and English and in preparation for Math, Science, Economics, Business, PSAT, ACT, SAT, PCAT, GRE, GMAT, LSAT, MCAT, ASVAB, STEM disciplines, & Graduate School coursework! Also, I tutor online classes for graduate and undergraduate schools. I have had experience teaching in one-on-one situations and in the classroom. My rates are based on my expertise and hours are flexible. My cell # is 443 739 4141    ",False,2021-12-24
2021-11-27T07:15:03-0600,https://sanantonio.craigslist.org/lss/d/boerne-am-private-tutor-very-affordable/7413167723.html,19,Affordable Private Lessons,None,san_antonio,"Hi! I am a certified teacher with 7 years experience offering tutoring services. I have a proven track record , and I also work alongside a few other teachers! This is our passion! I help students who are falling behind and may have missing assignments or those who would like to be accelerated in learning to stay above their class! I have private , on one one lessons for only $19 per session! We can get started right away but my schedules fills quickly. Call or text me 404-905-5360I teach all subjects K-12Thanks    ",False,2021-12-24
2021-12-13T13:40:22-0600,https://sanantonio.craigslist.org/lss/d/beachwood-math-science-act-sat-lsat/7420317154.html,None,San Antonio,None,san_antonio,"I am a Case Western Reserve University and University of Maryland graduate. Already, I have a JD and MBA from Case, and I graduated with a BSc in Biological Sciences and BSc in Psychology, plus an Honors degree, from the University of Maryland. I am available to tutor elementary through college/graduate level students in Sciences, Math, Statistics and English and in preparation for Math, Science, Economics, Business, PSAT, ACT, SAT, PCAT, GRE, GMAT, LSAT, MCAT, ASVAB, STEM disciplines, & Graduate School coursework! Also, I tutor online classes for graduate and undergraduate schools. I have had experience teaching in one-on-one situations and in the classroom. My rates are based on my expertise and hours are flexible. My cell # is 443 739 4141    ",False,2021-12-24
2021-11-26T07:25:27-0600,https://sanantonio.craigslist.org/lss/d/boerne-am-private-tutor-very-affordable/7412763236.html,19,Affordable Private Lessons,None,san_antonio,"Hi! I am a certified teacher with 7 years experience offering tutoring services. I have a proven track record , and I also work alongside a few other teachers! This is our passion! I help students who are falling behind and may have missing assignments or those who would like to be accelerated in learning to stay above their class! I have private , on one one lessons for only $19 per session! We can get started right away but my schedules fills quickly. Call or text me 404-905-5360I teach all subjects K-12Thanks    ",False,2021-12-24
2021-12-10T20:42:07-0600,https://sanantonio.craigslist.org/lss/d/helotes-online-exams-math-help-tutoring/7419263367.html,None,None,None,san_antonio,"Need help with online school? Contact me for exam or homework help. I'm a recent math and computer science graduate, and an experienced tutor. Contact me on discord at mysteriousSpoon#1122, or send an email. I've also got a friend who's very good with econ, and a few others who can do chemistry and physics as well.I can help with:-Calculus-Multivariable Calc-Precalc-Discrete math-Linear Algebra-Algebra-Probability-Statistics/R-Finite Math-Microecon-Econometrics-And More!    ",False,2021-12-24
2021-12-09T10:37:27-0600,https://sanantonio.craigslist.org/lss/d/beachwood-math-science-act-sat-lsat/7418543660.html,None,San Antonio,None,san_antonio,"I am a Case Western Reserve University and University of Maryland graduate. Already, I have a JD and MBA from Case, and I graduated with a BSc in Biological Sciences and BSc in Psychology, plus an Honors degree, from the University of Maryland. I am available to tutor elementary through college/graduate level students in Sciences, Math, Statistics and English and in preparation for Math, Science, Economics, Business, PSAT, ACT, SAT, PCAT, GRE, GMAT, LSAT, MCAT, ASVAB, STEM disciplines, & Graduate School coursework! Also, I tutor online classes for graduate and undergraduate schools. I have had experience teaching in one-on-one situations and in the classroom. My rates are based on my expertise and hours are flexible. My cell # is 443 739 4141    ",False,2021-12-24
2021-11-24T07:18:55-0600,https://sanantonio.craigslist.org/lss/d/boerne-am-private-tutor-very-affordable/7412109759.html,19,Affordable Private Lessons,None,san_antonio,"Hi! I am a certified teacher with 7 years experience offering tutoring services. I have a proven track record , and I also work alongside a few other teachers! This is our passion! I help students who are falling behind and may have missing assignments or those who would like to be accelerated in learning to stay above their class! I have private , on one one lessons for only $19 per session! We can get started right away but my schedules fills quickly. Call or text me 404-905-5360I teach all subjects K-12Thanks    ",False,2021-12-24
2021-12-22T15:30:23-0600,https://sanantonio.craigslist.org/lss/d/san-antonio-professional/7424058255.html,None,San Antonio,None,san_antonio,"About:Hello there! My name is Zack Steffen and I am a private tutor with nine years of experience in varying realms of instruction. I aim to make learning a fun taskâ€“oftentimes striving to instill a passion for the subject matter by way of unique approaches. I began my tutoring career during the acquisition of a B.S. in Biology at the University of Texas, at Austin. In the years since, concurrent to my doctoral program in molecular biology, I have worked as a professional tutor for services such as ClubZ, Kumon, Wyzant, Tutor Doctor, and Care. Below, you will find a list of my covered courses. To inquire about expenses relevant to a particular curriculum, or to schedule a visitâ€“either in-person or virtualâ€“please contact me. Education/Background:B.S. Biology, University of Texas at AustinPhD. Molecular Biosciences, University of Texas at AustinTeaching Assistant, Foundations of Biochemistry, University of Texas at AustinSTEM Instructor, Austin Private AcademyProfessional Tutor 2013-2021Courses Tutored:Chemistry: General (high schoolâ€“collegiate), Organic Chemistry I, Organic Chemistry IIMathematics: Algebra, Geometry, Algebra II, Pre Calculus, Calculus IBiology: General (high schoolâ€“collegiate), Cell, Molecular, Biochemistry, Plant, Human Anatomy/PhysiologyPhysics: High School (algebra-based) and Collegiate (calculus-based) General Physics Humanities: Grammar, Syntax, Essay Construction, College Entrance LettersIf you have any questions about a course or material you do not see posted above, feel free to reach out and ask if I have the capabilities beyond what is listed. I hope to hear from you!References: Organic Chemistry, Calculus, English, Science, Tutor, Tutoring, Easy Tutor, College Tutor, Middle School, High School, Math, Science, Algebra, Geometry, Chemistry, Biology, Learning, Fun",False,2021-12-24
2021-12-06T09:40:56-0600,https://sanantonio.craigslist.org/lss/d/beachwood-math-science-act-sat-lsat/7417148908.html,None,San Antonio,None,san_antonio,"I am a Case Western Reserve University and University of Maryland graduate. Already, I have a JD and MBA from Case, and I graduated with a BSc in Biological Sciences and BSc in Psychology, plus an Honors degree, from the University of Maryland. I am available to tutor elementary through college/graduate level students in Sciences, Math, Statistics and English and in preparation for Math, Science, Economics, Business, PSAT, ACT, SAT, PCAT, GRE, GMAT, LSAT, MCAT, ASVAB, STEM disciplines, & Graduate School coursework! Also, I tutor online classes for graduate and undergraduate schools. I have had experience teaching in one-on-one situations and in the classroom. My rates are based on my expertise and hours are flexible. My cell # is 443 739 4141    ",False,2021-12-24
2021-12-18T19:23:30-0600,https://sanantonio.craigslist.org/lss/d/san-antonio-certified-teacher-stanford/7422569648.html,None,None,None,san_antonio,"(210) 368-6035My name is Samantha and Iâ€™m a former teacher.My rates are very reasonable and affordable. I tutor in-person and online.I tutor students of all ages and for all subjects. I tutor 7 days a week and I have a ton of material I can share with students including over 15 years of previous exams as well as many unique study guides I helped create.If you are looking for tutoring for tests such as the MCAT, SAT, ACT, GRE, GMAT, LSAT, or any subject, I would be the perfect tutor. I've taken all of the tests listed above (because Iâ€™ve been a tutor for several years) and I scored in the top 5% in each.I received:36 on the ACT1580 on the SAT178 on the LSAT525 on the MCAT780 on the GMAT334 on the GRE.I graduated from Stanford University as an undergrad and recently graduated with a Ph.D. from Harvard.Aside from helping students with improving their test scores, I can also help students with their math (Algebra, Geometry, Trigonometry, Pre-Calculus, Calculus, Statistics), science (Biology, Chemistry, Physics), and English classes/exams/papers/college and grad school applications. I enjoy tutoring AP classes also.Regards,SamanthaSan Antonio, Texas, Alamo Heights, Balcones Heights, Boerne, Bulverde, Canyon Lake, Castle Hills, Castroville, Charlotte, China Grove, Cibolo, Comfort, Converse, Cross Mountain, Devine, Elmendorf, Fair Oaks Ranch, Floresville, Garden Ridge, Helotes, Hill Country Village, Hollywood Park, Hondo, Jourdanton, Kirby, La Vernia, Lackland AFB, LaCoste, Lake Dunlap, Lakehills, Leon Valley, Live Oak, Lytle, Marion, McQueeney, Medina, Natalia, New Braunfels, Nixon (partial), Northcliff (former), Olmos Park, Pleasanton, Poteet, Poth, Randolph AFB, Redwood, San Antonio, Sandy Oaks, Scenic Oaks, Schertz, Seguin, Selma, Shavano Park, Somerset, St. Hedwig, Stockdale, Terrell Hills, Timberwood Park, Universal City, Von Ormy, Windcrest, TX    ",False,2021-12-24
2021-12-03T10:54:04-0600,https://sanantonio.craigslist.org/lss/d/san-antonio-spss-statistics-geometry/7415915955.html,"[50, 100, 135]",San Antonio,None,san_antonio,"I hope everything is fine and I am glad to have you here. I am fully vaccinated and available to meet in â€“ person and Online tooSpecialization:I hold a Doctorate in Statistics with an Undergraduate Degree in Math (Major)15+ years of tutoring experience via digital board.Get: 1. 100% Excellence work2. A+ Grade3. 100% buyer satisfaction with excellent teaching 4. Fee after work done5. Teach concept in effective mannerService specifics:College Algebra Integration Differential equations Limits Series Linear Algebra Linear Programming Operations research Numerical Analysis Mathematics Advanced Calculus 1 Calculus 2 Calculus 3 Trigonometry Vectors Higher Mathematics Complex analysis Pre-calculus Complex analysis Discrete Finite Math Differentiation Excel Tableau Pre-Algebra Tutor MinitabRate:Zoom 1-on-1 tutoring$50 First hour (1hr) $100 (2hrs)$135 (3hrs)Credentials:Worked for 2 companies namedDatameer (2014-2017) as a Statistics Data AnalysisIBM (2017 onwards) as a Senior Statistician Tutoring Keywords: MATH 116 Calc MBA 626, 215, QMS 423, BUS 14A, BUS 14B, Pre-Calculus MATH 1 (UCLA) STATISTICS 10 (UCLA), MATH 10A (UCSD), MATH 10B (UCSD), MATH 20A (UCSD), MATH 20B (UCSD), MATH 20C (UCSD), MATH 20D (UCSD), MATH 11 (UCSD), MATH 2 (UCSD),Math12400MATH 8 (SMC), MATH 31A (UCLA), MATH 112, MATH 120, MATH 102 (LMU), MATH 142, MATH 241/242, STAT 015, STAT 050, MATH 10, MAT 191, MATH 114, MATH 117, MATH 110C, MATH 130C, MATH 131, MATH 137,, MATH 138, MATH 150C, MATH 160C, MATH 138, MATH 150, MATH 160, MATH 200, MATH 220 (SBCC), MATH 124MAT 192, MAT 131, MAT 321, MAT 421, MAT 131, MATH 227, QMS 321, IS 310 MAT240, (CSULB),MAT 323, MAE 505, MATH 2 (UCSD), MATH 3C (UCSD), MATH 4C (UCSD)I can send you either a hand written or a word document according to your need. For live - Hand written work in specific time.",True,2021-12-24
2021-12-02T10:29:38-0600,https://sanantonio.craigslist.org/lss/d/beachwood-math-science-act-sat-lsat/7415461270.html,None,San Antonio,None,san_antonio,"I am a Case Western Reserve University and University of Maryland graduate. Already, I have a JD and MBA from Case, and I graduated with a BSc in Biological Sciences and BSc in Psychology, plus an Honors degree, from the University of Maryland. I am available to tutor elementary through college/graduate level students in Sciences, Math, Statistics and English and in preparation for Math, Science, Economics, Business, PSAT, ACT, SAT, PCAT, GRE, GMAT, LSAT, MCAT, ASVAB, STEM disciplines, & Graduate School coursework! Also, I tutor online classes for graduate and undergraduate schools. I have had experience teaching in one-on-one situations and in the classroom. My rates are based on my expertise and hours are flexible. My cell # is 443 739 4141    ",False,2021-12-24
2021-12-12T13:12:54-0600,https://sanantonio.craigslist.org/lss/d/san-antonio-certified-teacher-stanford/7419883612.html,None,None,None,san_antonio,"(210) 368-6035My name is Samantha and Iâ€™m a former teacher.My rates are very reasonable and affordable. I tutor in-person and online.I tutor students of all ages and for all subjects. I tutor 7 days a week and I have a ton of material I can share with students including over 15 years of previous exams as well as many unique study guides I helped create.If you are looking for tutoring for tests such as the MCAT, SAT, ACT, GRE, GMAT, LSAT, or any subject, I would be the perfect tutor. I've taken all of the tests listed above (because Iâ€™ve been a tutor for several years) and I scored in the top 5% in each.I received:36 on the ACT1580 on the SAT178 on the LSAT525 on the MCAT780 on the GMAT334 on the GRE.I graduated from Stanford University as an undergrad and recently graduated with a Ph.D. from Harvard.Aside from helping students with improving their test scores, I can also help students with their math (Algebra, Geometry, Trigonometry, Pre-Calculus, Calculus, Statistics), science (Biology, Chemistry, Physics), and English classes/exams/papers/college and grad school applications. I enjoy tutoring AP classes also.Regards,SamanthaSan Antonio, Texas, Alamo Heights, Balcones Heights, Boerne, Bulverde, Canyon Lake, Castle Hills, Castroville, Charlotte, China Grove, Cibolo, Comfort, Converse, Cross Mountain, Devine, Elmendorf, Fair Oaks Ranch, Floresville, Garden Ridge, Helotes, Hill Country Village, Hollywood Park, Hondo, Jourdanton, Kirby, La Vernia, Lackland AFB, LaCoste, Lake Dunlap, Lakehills, Leon Valley, Live Oak, Lytle, Marion, McQueeney, Medina, Natalia, New Braunfels, Nixon (partial), Northcliff (former), Olmos Park, Pleasanton, Poteet, Poth, Randolph AFB, Redwood, San Antonio, Sandy Oaks, Scenic Oaks, Schertz, Seguin, Selma, Shavano Park, Somerset, St. Hedwig, Stockdale, Terrell Hills, Timberwood Park, Universal City, Von Ormy, Windcrest, TX    ",False,2021-12-24
2021-11-29T09:43:28-0600,https://sanantonio.craigslist.org/lss/d/beachwood-math-science-act-sat-lsat/7414048789.html,None,San Antonio,None,san_antonio,"I am a Case Western Reserve University and University of Maryland graduate. Already, I have a JD and MBA from Case, and I graduated with a BSc in Biological Sciences and BSc in Psychology, plus an Honors degree, from the University of Maryland. I am available to tutor elementary through college/graduate level students in Sciences, Math, Statistics and English and in preparation for Math, Science, Economics, Business, PSAT, ACT, SAT, PCAT, GRE, GMAT, LSAT, MCAT, ASVAB, STEM disciplines, & Graduate School coursework! Also, I tutor online classes for graduate and undergraduate schools. I have had experience teaching in one-on-one situations and in the classroom. My rates are based on my expertise and hours are flexible. My cell # is 443 739 4141    ",False,2021-12-24
2021-12-07T14:01:47-0600,https://sanantonio.craigslist.org/lss/d/san-antonio-certified-teacher-stanford/7417764161.html,None,None,None,san_antonio,"(210) 368-6035My name is Samantha and Iâ€™m a former teacher.My rates are very reasonable and affordable. I tutor in-person and online.I tutor students of all ages and for all subjects. I tutor 7 days a week and I have a ton of material I can share with students including over 15 years of previous exams as well as many unique study guides I helped create.If you are looking for tutoring for tests such as the MCAT, SAT, ACT, GRE, GMAT, LSAT, or any subject, I would be the perfect tutor. I've taken all of the tests listed above (because Iâ€™ve been a tutor for several years) and I scored in the top 5% in each.I received:36 on the ACT1580 on the SAT178 on the LSAT525 on the MCAT780 on the GMAT334 on the GRE.I graduated from Stanford University as an undergrad and recently graduated with a Ph.D. from Harvard.Aside from helping students with improving their test scores, I can also help students with their math (Algebra, Geometry, Trigonometry, Pre-Calculus, Calculus, Statistics), science (Biology, Chemistry, Physics), and English classes/exams/papers/college and grad school applications. I enjoy tutoring AP classes also.Regards,SamanthaSan Antonio, Texas, Alamo Heights, Balcones Heights, Boerne, Bulverde, Canyon Lake, Castle Hills, Castroville, Charlotte, China Grove, Cibolo, Comfort, Converse, Cross Mountain, Devine, Elmendorf, Fair Oaks Ranch, Floresville, Garden Ridge, Helotes, Hill Country Village, Hollywood Park, Hondo, Jourdanton, Kirby, La Vernia, Lackland AFB, LaCoste, Lake Dunlap, Lakehills, Leon Valley, Live Oak, Lytle, Marion, McQueeney, Medina, Natalia, New Braunfels, Nixon (partial), Northcliff (former), Olmos Park, Pleasanton, Poteet, Poth, Randolph AFB, Redwood, San Antonio, Sandy Oaks, Scenic Oaks, Schertz, Seguin, Selma, Shavano Park, Somerset, St. Hedwig, Stockdale, Terrell Hills, Timberwood Park, Universal City, Von Ormy, Windcrest, TX    ",False,2021-12-24
2021-11-26T11:17:25-0600,https://sanantonio.craigslist.org/lss/d/beachwood-math-science-act-sat-lsat/7412861742.html,None,San Antonio,None,san_antonio,"I am a Case Western Reserve University and University of Maryland graduate. Already, I have a JD and MBA from Case, and I graduated with a BSc in Biological Sciences and BSc in Psychology, plus an Honors degree, from the University of Maryland. I am available to tutor elementary through college/graduate level students in Sciences, Math, Statistics and English and in preparation for Math, Science, Economics, Business, PSAT, ACT, SAT, PCAT, GRE, GMAT, LSAT, MCAT, ASVAB, STEM disciplines, & Graduate School coursework! Also, I tutor online classes for graduate and undergraduate schools. I have had experience teaching in one-on-one situations and in the classroom. My rates are based on my expertise and hours are flexible. My cell # is 443 739 4141    ",False,2021-12-24
2021-12-04T18:15:44-0600,https://sanantonio.craigslist.org/lss/d/san-antonio-certified-teacher-stanford/7416587424.html,None,None,None,san_antonio,"(210) 368-6035My name is Samantha and Iâ€™m a former teacher.My rates are very reasonable and affordable. I tutor in-person and online.I tutor students of all ages and for all subjects. I tutor 7 days a week and I have a ton of material I can share with students including over 15 years of previous exams as well as many unique study guides I helped create.If you are looking for tutoring for tests such as the MCAT, SAT, ACT, GRE, GMAT, LSAT, or any subject, I would be the perfect tutor. I've taken all of the tests listed above (because Iâ€™ve been a tutor for several years) and I scored in the top 5% in each.I received:36 on the ACT1580 on the SAT178 on the LSAT525 on the MCAT780 on the GMAT334 on the GRE.I graduated from Stanford University as an undergrad and recently graduated with a Ph.D. from Harvard.Aside from helping students with improving their test scores, I can also help students with their math (Algebra, Geometry, Trigonometry, Pre-Calculus, Calculus, Statistics), science (Biology, Chemistry, Physics), and English classes/exams/papers/college and grad school applications. I enjoy tutoring AP classes also.Regards,SamanthaSan Antonio, Texas, Alamo Heights, Balcones Heights, Boerne, Bulverde, Canyon Lake, Castle Hills, Castroville, Charlotte, China Grove, Cibolo, Comfort, Converse, Cross Mountain, Devine, Elmendorf, Fair Oaks Ranch, Floresville, Garden Ridge, Helotes, Hill Country Village, Hollywood Park, Hondo, Jourdanton, Kirby, La Vernia, Lackland AFB, LaCoste, Lake Dunlap, Lakehills, Leon Valley, Live Oak, Lytle, Marion, McQueeney, Medina, Natalia, New Braunfels, Nixon (partial), Northcliff (former), Olmos Park, Pleasanton, Poteet, Poth, Randolph AFB, Redwood, San Antonio, Sandy Oaks, Scenic Oaks, Schertz, Seguin, Selma, Shavano Park, Somerset, St. Hedwig, Stockdale, Terrell Hills, Timberwood Park, Universal City, Von Ormy, Windcrest, TX    ",False,2021-12-24
2021-11-25T11:31:35-0600,https://sanantonio.craigslist.org/lss/d/san-antonio-certified-teacher-stanford/7412569252.html,None,None,None,san_antonio,"(210) 368-6035My name is Samantha and Iâ€™m a former teacher.My rates are very reasonable and affordable. I tutor in-person and online.I tutor students of all ages and for all subjects. I tutor 7 days a week and I have a ton of material I can share with students including over 15 years of previous exams as well as many unique study guides I helped create.If you are looking for tutoring for tests such as the MCAT, SAT, ACT, GRE, GMAT, LSAT, or any subject, I would be the perfect tutor. I've taken all of the tests listed above (because Iâ€™ve been a tutor for several years) and I scored in the top 5% in each.I received:36 on the ACT1580 on the SAT178 on the LSAT525 on the MCAT780 on the GMAT334 on the GRE.I graduated from Stanford University as an undergrad and recently graduated with a Ph.D. from Harvard.Aside from helping students with improving their test scores, I can also help students with their math (Algebra, Geometry, Trigonometry, Pre-Calculus, Calculus, Statistics), science (Biology, Chemistry, Physics), and English classes/exams/papers/college and grad school applications. I enjoy tutoring AP classes also.Regards,SamanthaSan Antonio, Texas, Alamo Heights, Balcones Heights, Boerne, Bulverde, Canyon Lake, Castle Hills, Castroville, Charlotte, China Grove, Cibolo, Comfort, Converse, Cross Mountain, Devine, Elmendorf, Fair Oaks Ranch, Floresville, Garden Ridge, Helotes, Hill Country Village, Hollywood Park, Hondo, Jourdanton, Kirby, La Vernia, Lackland AFB, LaCoste, Lake Dunlap, Lakehills, Leon Valley, Live Oak, Lytle, Marion, McQueeney, Medina, Natalia, New Braunfels, Nixon (partial), Northcliff (former), Olmos Park, Pleasanton, Poteet, Poth, Randolph AFB, Redwood, San Antonio, Sandy Oaks, Scenic Oaks, Schertz, Seguin, Selma, Shavano Park, Somerset, St. Hedwig, Stockdale, Terrell Hills, Timberwood Park, Universal City, Von Ormy, Windcrest, TX    ",False,2021-12-24
